user_name,first_name,last_name,gender,email,phone,password
rchastelain0,Roxanne,Chastelain,Female,rchastelain0@shop-pro.jp,478-174-8143,gL8.JOHbt_
aspafford1,Analise,Spafford,Female,aspafford1@theatlantic.com,277-131-4780,sS4*cL@}D'.m6K
churton2,Cris,Hurton,Male,churton2@tripadvisor.com,384-405-4093,sP0)Vg|U*ZaJbg0'
opetrov3,Orly,Petrov,Female,opetrov3@toplist.cz,123-180-0154,bI6)s#s)
mbeckensall4,Mirabelle,Beckensall,Female,mbeckensall4@salon.com,365-458-7073,hA5~4sD2*
sizhak5,Selma,Izhak,Female,sizhak5@blog.com,272-629-6580,bQ3%`eh7.&
gwatkins6,Gray,Watkins,Female,gwatkins6@cnbc.com,668-499-5826,"vU9,XX`b?xg"
bbottelstone7,Boniface,Bottelstone,Male,bbottelstone7@unc.edu,210-150-9625,aU0)qc=d
barnald8,Britt,Arnald,Male,barnald8@gov.uk,757-653-8479,gF2|?05Gznv
mlindholm9,Marje,Lindholm,Female,mlindholm9@cmu.edu,188-373-9822,"bL1=""##WcBk4C"
bmcterlagha,Burnaby,McTerlagh,Male,bmcterlagha@sbwire.com,733-611-5879,pE7&&yyQ\Yr
mamerb,Moll,Amer,Female,mamerb@sciencedirect.com,792-111-3645,pI4'IL!vbT_~<<(
fkolinc,Faber,Kolin,Male,fkolinc@redcross.org,324-831-5238,pI9'{2{o&!h
cberrymand,Clemmy,Berryman,Male,cberrymand@csmonitor.com,501-300-8097,hI6_69Rz</m{e1
bsummerliee,Brett,Summerlie,Male,bsummerliee@mail.ru,336-252-5689,vP2>yP9f=.6%
cdoughartyf,Cordell,Dougharty,Male,cdoughartyf@intel.com,458-519-0558,fY3.h>OwA!B3
tersking,Trina,Erskin,Female,tersking@cbsnews.com,628-871-4256,wU4+mR1(_b#Pa
swimsetth,Shelley,Wimsett,Male,swimsetth@shop-pro.jp,400-532-5941,wW0=eHm7IETox!S
hbrimblei,Hyman,Brimble,Male,hbrimblei@scientificamerican.com,420-743-0855,tO9~lFqwk
colliffej,Chloette,Olliffe,Polygender,colliffej@cyberchimps.com,138-845-0531,qV8&x2RaV_?&L)
pwilcottk,Pooh,Wilcott,Female,pwilcottk@nbcnews.com,573-335-2202,eV1}u<'%5
scottagel,Shelby,Cottage,Male,scottagel@sourceforge.net,579-373-6032,"kO6/,E02Mr"
rcrasswellm,Ricki,Crasswell,Male,rcrasswellm@salon.com,858-143-6506,oZ7*KC/m'X(ZU
jbranfordn,Jessie,Branford,Female,jbranfordn@usnews.com,893-885-5568,wY1@\}PxjqW4
candreseno,Celina,Andresen,Female,candreseno@wikispaces.com,393-444-6094,zU0\>szFF4Eb
shalgarthp,Shirlene,Halgarth,Female,shalgarthp@un.org,865-795-2107,aF8+Pz6k@
hhellenq,Harmony,Hellen,Bigender,hhellenq@alibaba.com,640-891-7079,gH1?Ry//7}
krosenauerr,Kelwin,Rosenauer,Male,krosenauerr@merriam-webster.com,237-112-3567,lW8+/Xbfd'NEmMi
tbloxsoms,Tucky,Bloxsom,Male,tbloxsoms@posterous.com,920-662-5677,"qK3`j={7@,YlJ"
cbirtonshawt,Ciel,Birtonshaw,Female,cbirtonshawt@utexas.edu,949-941-8794,jU1)N.\Owc{/ra
tfelipu,Terra,felip,Female,tfelipu@list-manage.com,498-781-4516,fU4./yhtG7grUgjl
pcalladinev,Pris,Calladine,Female,pcalladinev@1und1.de,318-244-0388,jW9_WY!o%P~Q&T`
kocoskerryw,Karola,O'Coskerry,Female,kocoskerryw@imgur.com,839-961-4714,"kE6`F0sTrcJ""A!e"
malbersx,Merrily,Albers,Female,malbersx@thetimes.co.uk,830-888-9514,"gZ3""mx89oSan|e"
vgrevely,Vikky,Grevel,Female,vgrevely@tripadvisor.com,205-980-8296,"oH3'/FC'DWr,"
rvarkerz,Roberto,Varker,Male,rvarkerz@hp.com,919-311-9178,rU2>`bO@C#2W)P
cgoullee10,Catharine,Goullee,Female,cgoullee10@sohu.com,407-732-4566,xP7*!rj!nogLup
ncolaco11,Normand,Colaco,Male,ncolaco11@shop-pro.jp,165-939-5532,oB1_!nWH\X~I$2
eearwicker12,Earvin,Earwicker,Male,eearwicker12@163.com,944-170-6193,eR0*%=P@0@n7t
lrasor13,Leupold,Rasor,Male,lrasor13@blog.com,730-498-9359,dE4!$J{muI#
swollaston14,Shawn,Wollaston,Female,swollaston14@printfriendly.com,253-700-5322,bA1'Lay`iOnj#
twannell15,Thomasin,Wannell,Female,twannell15@macromedia.com,328-736-5447,rP0'pOTdTH\=/xc
rbinley16,Ramsey,Binley,Male,rbinley16@npr.org,382-480-9352,nQ1%&/D#aYJ0CS#
eglover17,Emalee,Glover,Female,eglover17@time.com,288-433-0325,mV1>yjaS*$WJ'u
kharlett18,Katrine,Harlett,Female,kharlett18@google.com.au,154-251-4056,gP6\Ue`F
mstennet19,Marcellina,Stennet,Female,mstennet19@youtube.com,347-527-6181,"sJ6<Nj""H+Va"
dbathoe1a,Dav,Bathoe,Male,dbathoe1a@globo.com,972-351-9678,iL9<b2(`ep&Z6
dbarnewall1b,Davidson,Barnewall,Male,dbarnewall1b@bloglovin.com,901-816-0678,aV4~Uf'0gQ@b
tchadbourn1c,Troy,Chadbourn,Male,tchadbourn1c@hubpages.com,584-311-7085,yJ1)}N}i&d~=GU
bmarcu1d,Brenden,Marcu,Male,bmarcu1d@dailymotion.com,320-998-0252,mJ0$wh7).L{_*O
nverzey1e,Neall,Verzey,Male,nverzey1e@apache.org,215-517-6404,pK9\.7>Xcq1rdB
kcarradice1f,Karolina,Carradice,Female,kcarradice1f@blinklist.com,919-621-9890,"kK9}6A%B'/e/}"""
ctreven1g,Clarke,Treven,Genderqueer,ctreven1g@go.com,555-852-4703,kX1~'R\&
jmcdonell1h,Jecho,McDonell,Polygender,jmcdonell1h@google.co.uk,108-822-1836,aW9|fr6x6v!
oather1i,Olag,Ather,Male,oather1i@qq.com,827-546-6077,sV7@xqGTmtVQ9.h
iobee1j,Isadore,Obee,Male,iobee1j@ucsd.edu,860-362-7901,zI4!Z4r0`
agoodinson1k,Andrea,Goodinson,Female,agoodinson1k@hud.gov,760-357-4167,qS1\|W~RN
hjoscelyne1l,Hernando,Joscelyne,Male,hjoscelyne1l@netscape.com,936-344-3243,gI5&p?{Y=CF7%B
hperrie1m,Hoebart,Perrie,Male,hperrie1m@stanford.edu,225-902-3180,sK9\5G<R&qh
lcoplestone1n,Lefty,Coplestone,Male,lcoplestone1n@barnesandnoble.com,840-736-2457,"cR0""rL8oJ>Vofn"
santonich1o,Sydney,Antonich,Male,santonich1o@ebay.com,910-131-3659,xY0#gh>H
jherley1p,Julian,Herley,Male,jherley1p@ihg.com,500-857-0859,qU4|X$f{NKrBMPHp
gklaessen1q,Guillermo,Klaessen,Male,gklaessen1q@reddit.com,777-509-9299,"vE5,<GHKI?)G((/"
jseargeant1r,Joy,Seargeant,Female,jseargeant1r@naver.com,326-814-4669,"hY0%f,y2kxJuKtQ"
apollie1s,Allen,Pollie,Male,apollie1s@mac.com,498-863-1256,bF9>SzslqY
gshiril1t,Gayle,Shiril,Male,gshiril1t@nytimes.com,991-314-1442,pN8}Agg1zNkx(
hmuschette1u,Halsey,Muschette,Male,hmuschette1u@wordpress.com,849-708-5017,fM8*r}z0<X1s
rshawdforth1v,Rancell,Shawdforth,Male,rshawdforth1v@yandex.ru,518-642-7460,xV9%#)B8l
alorenzo1w,Agosto,Lorenzo,Male,alorenzo1w@deliciousdays.com,494-165-5549,nR7+'.$H%/2J@/e
egiovannelli1x,Ertha,Giovannelli,Female,egiovannelli1x@unesco.org,190-824-8985,rB0*FaEjJmu4i
bgambles1y,Bernete,Gambles,Female,bgambles1y@photobucket.com,197-978-6365,"zV5`qrf,'k,L)x!"
laird1z,Laura,Aird,Female,laird1z@buzzfeed.com,403-345-0141,wI9&XFEq?<Q3N
gryott20,Georgetta,Ryott,Female,gryott20@auda.org.au,493-782-0350,qG1~vv&GG
tvanderbeken21,Tony,Van der Beken,Polygender,tvanderbeken21@desdev.cn,514-618-3475,rZ0{H{+z)O#MbIJ
jemmanuel22,Julian,Emmanuel,Male,jemmanuel22@cbsnews.com,279-566-5553,cD0=e'4b#+or
mwinkworth23,Martie,Winkworth,Male,mwinkworth23@weibo.com,186-376-9981,"lT6=n8qA1,O"
pdoby24,Peta,Doby,Female,pdoby24@howstuffworks.com,682-257-3190,pW7~#p22y3
gbalkwill25,Giuseppe,Balkwill,Bigender,gbalkwill25@narod.ru,495-762-8110,aM7&*s@)lLgj
cmcturk26,Corrinne,McTurk,Female,cmcturk26@si.edu,468-141-5426,dJ6@nGGgv7`V))rt
chuckleby27,Conrade,Huckleby,Male,chuckleby27@ask.com,733-207-5943,eG2|U0_P.dkI
nmcalroy28,Nancie,McAlroy,Female,nmcalroy28@noaa.gov,659-172-7264,cP5>a}f?1bpP_Ri
lrogeron29,Lilith,Rogeron,Female,lrogeron29@studiopress.com,973-899-4066,bZ3|x.?qo#(%?C
abaus2a,Aube,Baus,Male,abaus2a@aol.com,656-301-5989,"kF7""bty)67"
cwilford2b,Cristine,Wilford,Female,cwilford2b@jalbum.net,613-662-7782,jH8\N`tCNdcsi
rdominique2c,Rhianon,Dominique,Female,rdominique2c@weibo.com,361-203-7115,xT6>CB??\D
jantrobus2d,Jonas,Antrobus,Male,jantrobus2d@t.co,475-717-5197,hI9!ILuY0ke
hnassy2e,Harlene,Nassy,Non-binary,hnassy2e@howstuffworks.com,291-937-6949,nW7)K8P@>yes0&
wference2f,Wyatan,Ference,Male,wference2f@blogspot.com,635-940-2541,"cR5,hZ$oO"
mabramovitch2g,Monique,Abramovitch,Female,mabramovitch2g@deliciousdays.com,284-264-6891,hO7|N6.+lQ$0f
sfist2h,Sandye,Fist,Female,sfist2h@google.ru,664-907-9393,mU7<ghcLjy\a*Y+d
bbeatens2i,Belvia,Beatens,Female,bbeatens2i@unblog.fr,970-866-5580,jO6(JR%5DC*H
dbourges2j,Dreddy,Bourges,Female,dbourges2j@ca.gov,325-705-8124,uN1_7dYyJ
dpulley2k,Darb,Pulley,Male,dpulley2k@vk.com,656-324-8164,qR2{bcK#.}*q&
kjonah2l,Kristin,Jonah,Female,kjonah2l@scientificamerican.com,965-633-0526,dZ8|B%4_e%}NL+
lditts2m,Lauren,Ditts,Female,lditts2m@alibaba.com,251-224-5887,"gZ2""i,(q`$"
rlecount2n,Reg,Le Count,Male,rlecount2n@wufoo.com,260-889-7378,fT9?/8$br
kkinny2o,Katuscha,Kinny,Female,kkinny2o@a8.net,633-207-3223,gF9_OO$*TWp'8W
csimecek2p,Casey,Simecek,Female,csimecek2p@bing.com,129-586-4279,jL9`P}#{5
cadnet2q,Codi,Adnet,Male,cadnet2q@uol.com.br,591-146-2632,pS0`Ic6dF4(
smellanby2r,Spence,Mellanby,Male,smellanby2r@meetup.com,695-557-3518,"oU4.9U`/.P7,a&y"
